<?xml version="1.0" encoding="UTF-8"?>
<project-private xmlns="http://www.netbeans.org/ns/project-private/1">
    <editor-bookmarks xmlns="http://www.netbeans.org/ns/editor-bookmarks/2" lastBookmarkId="0"/>
    <open-files xmlns="http://www.netbeans.org/ns/projectui-open-files/2">
        <group>
            <file>file:/home/sree/sms-laravel/app/models/User.php</file>
            <file>file:/home/sree/sms-laravel/app/views/sms/credit.blade.php</file>
            <file>file:/home/sree/sms-laravel/app/controllers/SmsController.php</file>
            <file>file:/home/sree/sms-laravel/app/controllers/BaseController.php</file>
            <file>file:/home/sree/sms-laravel/app/tests/ExampleTest.php</file>
            <file>file:/home/sree/sms-laravel/app/config/database.php</file>
            <file>file:/home/sree/sms-laravel/app/controllers/HomeController.php</file>
            <file>file:/home/sree/sms-laravel/app/routes.php</file>
        </group>
    </open-files>
</project-private>
